{"0":{"uid":"1bbe2d73-3910-4151-a2aa-f60a5bd0959b","name":"Section_001","base_x":423069.6,"base_y":5886920.0999999996,"base_z":0.0,"end_x":426747.5,"end_y":5884439.4000000004,"end_z":0.0,"normal_x":-0.5591813034,"normal_y":-0.8290453968,"normal_z":0.0,"azimuth":123.9991983093,"length":4436.3071241739,"top":1200.0,"bottom":-600.0},"1":{"uid":"531325cf-6c40-4d8d-b5ba-476f48d249e0","name":"Section_002","base_x":422634.3,"base_y":5886877.0,"base_z":0.0,"end_x":426716.7,"end_y":5884123.5,"end_z":0.0,"normal_x":-0.5591770518,"normal_y":-0.8290482644,"normal_z":0.0,"azimuth":123.998904477,"length":4924.2006468055,"top":1200.0,"bottom":-600.0},"2":{"uid":"919cee51-8599-4a94-9f06-fc94b3da22b4","name":"Section_003","base_x":422168.8,"base_y":5886829.9000000004,"base_z":0.0,"end_x":426674.9,"end_y":5883790.5,"end_z":0.0,"normal_x":-0.5591925459,"normal_y":-0.8290378137,"normal_z":0.0,"azimuth":123.9999752879,"length":5435.3371165,"top":1200.0,"bottom":-600.0},"3":{"uid":"3dca3ec4-f453-49ec-be0a-1b9c482ca6ac","name":"Section_004","base_x":421743.9,"base_y":5886756.2000000002,"base_z":0.0,"end_x":426654.2,"end_y":5883444.2000000002,"end_z":0.0,"normal_x":-0.5591883581,"normal_y":-0.8290406385,"normal_z":0.0,"azimuth":123.9996858616,"length":5922.8700889011,"top":1200.0,"bottom":-600.0},"4":{"uid":"3bb222e2-c908-48c5-8deb-6681bb01416b","name":"Section_005","base_x":421214.0,"base_y":5886764.7000000002,"base_z":0.0,"end_x":426693.8,"end_y":5883068.5,"end_z":0.0,"normal_x":-0.5591958388,"normal_y":-0.8290355926,"normal_z":0.0,"azimuth":124.000202865,"length":6609.8488999372,"top":1200.0,"bottom":-600.0},"5":{"uid":"10863d84-89bc-455b-a2be-14db7efa8649","name":"Section_006","base_x":420980.3,"base_y":5886673.0,"base_z":0.0,"end_x":426718.1,"end_y":5882802.7999999998,"end_z":0.0,"normal_x":-0.5591934032,"normal_y":-0.8290372355,"normal_z":0.0,"azimuth":124.000034536,"length":6921.0401588202,"top":1200.0,"bottom":-600.0},"6":{"uid":"b9484abc-ce4e-42fd-895f-82cbbe1911ee","name":"Section_007","base_x":420740.5,"base_y":5886550.2000000002,"base_z":0.0,"end_x":426741.7,"end_y":5882502.4000000004,"end_z":0.0,"normal_x":-0.559187158,"normal_y":-0.8290414479,"normal_z":0.0,"azimuth":123.9996029261,"length":7238.7213152599,"top":1200.0,"bottom":-600.0},"7":{"uid":"0ab5d02c-572f-49d1-b2a5-f5fa2db79a71","name":"Section_008","base_x":420412.8,"base_y":5886423.4000000004,"base_z":0.0,"end_x":426691.5,"end_y":5882188.4000000004,"end_z":0.0,"normal_x":-0.5591895797,"normal_y":-0.8290398144,"normal_z":0.0,"azimuth":123.9997702918,"length":7573.4601530608,"top":1200.0,"bottom":-600.0},"8":{"uid":"935c107f-c06d-4023-9366-893bd42db2ec","name":"Section_009","base_x":420156.7,"base_y":5886256.7000000002,"base_z":0.0,"end_x":426740.3,"end_y":5881816.0,"end_z":0.0,"normal_x":-0.5591933993,"normal_y":-0.8290372381,"normal_z":0.0,"azimuth":124.0000342649,"length":7941.2596891174,"top":1200.0,"bottom":-600.0},"9":{"uid":"ccde4b44-d0c1-4b30-a4fe-145ac553a68e","name":"Section_010","base_x":420121.6,"base_y":5885927.2000000002,"base_z":0.0,"end_x":426417.5,"end_y":5881680.5999999996,"end_z":0.0,"normal_x":-0.5591894488,"normal_y":-0.8290399027,"normal_z":0.0,"azimuth":123.9997612463,"length":7594.2062369944,"top":1200.0,"bottom":-600.0},"10":{"uid":"6bb5fafe-85e6-4886-a7ed-ac110fc663df","name":"Section_011","base_x":420151.2,"base_y":5885561.4000000004,"base_z":0.0,"end_x":426108.6,"end_y":5881543.0999999996,"end_z":0.0,"normal_x":-0.5591912738,"normal_y":-0.8290386718,"normal_z":0.0,"azimuth":123.9998873738,"length":7185.9132787702,"top":1200.0,"bottom":-600.0},"11":{"uid":"618bf1c4-6fe8-411a-afb9-167df5d1b389","name":"Section_012","base_x":420121.6,"base_y":5885264.5999999996,"base_z":0.0,"end_x":425876.5,"end_y":5881382.9000000004,"end_z":0.0,"normal_x":-0.5591900258,"normal_y":-0.8290395135,"normal_z":0.0,"azimuth":123.9998011235,"length":6941.6474197408,"top":1200.0,"bottom":-600.0},"12":{"uid":"08a568d3-891d-453d-9c69-5e14cb1d86f9","name":"Section_014","base_x":420135.9,"base_y":5884950.5999999996,"base_z":0.0,"end_x":425649.1,"end_y":5881231.9000000004,"end_z":0.0,"normal_x":-0.5591928668,"normal_y":-0.8290375973,"normal_z":0.0,"azimuth":123.9999974639,"length":6650.1205951467,"top":1200.0,"bottom":-600.0},"13":{"uid":"dae1f6a9-20c8-49cc-806f-51ff4aaed180","name":"Section_015","base_x":420100.8,"base_y":5884679.2999999998,"base_z":0.0,"end_x":425183.8,"end_y":5881250.7000000002,"end_z":0.0,"normal_x":-0.55920111,"normal_y":-0.8290320371,"normal_z":0.0,"azimuth":124.0005671682,"length":6131.2467704373,"top":1200.0,"bottom":-600.0},"14":{"uid":"39255754-d3f9-4d9e-87bd-5856c14a12f4","name":"Section_016","base_x":420101.3,"base_y":5884392.9000000004,"base_z":0.0,"end_x":424827.8,"end_y":5881204.7999999998,"end_z":0.0,"normal_x":-0.5591971825,"normal_y":-0.8290346863,"normal_z":0.0,"azimuth":124.0002957324,"length":5701.2089823127,"top":1200.0,"bottom":-600.0},"15":{"uid":"a2d49907-ed53-46db-9127-c0c010ff8f4d","name":"Section_018","base_x":420056.2,"base_y":5884138.5,"base_z":0.0,"end_x":424425.6,"end_y":5881191.2999999998,"end_z":0.0,"normal_x":-0.5591932277,"normal_y":-0.8290373538,"normal_z":0.0,"azimuth":124.0000224099,"length":5270.4500946315,"top":1200.0,"bottom":-600.0},"16":{"uid":"bd0d9033-e1ce-4ba0-bd44-df1e34fd2cb5","name":"Section_019","base_x":420084.1,"base_y":5883820.5999999996,"base_z":0.0,"end_x":424041.1,"end_y":5881151.5999999996,"end_z":0.0,"normal_x":-0.5591885545,"normal_y":-0.8290405059,"normal_z":0.0,"azimuth":123.9996994408,"length":4772.9875340294,"top":1200.0,"bottom":-600.0},"17":{"uid":"e6432440-a610-4d25-a2d4-9257fbbac8e3","name":"Section_020","base_x":419976.0,"base_y":5883627.4000000004,"base_z":0.0,"end_x":423644.9,"end_y":5881152.7000000002,"end_z":0.0,"normal_x":-0.5591922361,"normal_y":-0.8290380227,"normal_z":0.0,"azimuth":123.999953874,"length":4425.4906281678,"top":1200.0,"bottom":-600.0},"18":{"uid":"da94d5a0-06dd-4285-9c1c-11882ce0b58b","name":"Section_021","base_x":419881.6,"base_y":5883434.0,"base_z":0.0,"end_x":423186.1,"end_y":5881205.0999999996,"end_z":0.0,"normal_x":-0.5591905939,"normal_y":-0.8290391304,"normal_z":0.0,"azimuth":123.9998403851,"length":3985.9397210698,"top":1200.0,"bottom":-600.0}}